{
  "accuracy": 0.931340872374798,
  "macro_f1": 0.9146166716605834
}