{
  "accuracy": 0.878031878031878,
  "macro_f1": 0.8371021997157794
}