{
  "accuracy": 0.9562289562289562,
  "macro_f1": 0.9319027737101364
}