{
  "accuracy": 0.8918918918918919,
  "macro_f1": 0.8458307265998847
}