{
  "accuracy": 0.9658119658119658,
  "macro_f1": 0.9520084857959484
}