{
  "accuracy": 0.9114219114219114,
  "macro_f1": 0.8655380246570201
}