{
  "accuracy": 0.7997227997227997,
  "macro_f1": 0.720213311906296
}