{
  "accuracy": 0.9528619528619529,
  "macro_f1": 0.9354757243208506
}