{
  "accuracy": 0.8925686591276252,
  "macro_f1": 0.8750665159588202
}