{
  "accuracy": 0.8295218295218295,
  "macro_f1": 0.753889477706386
}