{
  "epochs": [
    5,
    6,
    7,
    8,
    9,
    10,
    11,
    12,
    13,
    14,
    15,
    16,
    17,
    18,
    19,
    20,
    21,
    22,
    23,
    24,
    25,
    26,
    27,
    28,
    29,
    30,
    31,
    32,
    33,
    34,
    35,
    36,
    37,
    38,
    39,
    40,
    41,
    42,
    43,
    44,
    45,
    46,
    47,
    48,
    49,
    50,
    51,
    52,
    53,
    54,
    55,
    56,
    57,
    58,
    59,
    60,
    61,
    62,
    63,
    64,
    65,
    66,
    67,
    68,
    69,
    70,
    71,
    72,
    73,
    74,
    75,
    76,
    77,
    78,
    79,
    80,
    81,
    82,
    83,
    84,
    85,
    86,
    87,
    88,
    89,
    90,
    91,
    92,
    93,
    94,
    95,
    96,
    97,
    98,
    99,
    100,
    101,
    102,
    103,
    104,
    105,
    106,
    107,
    108,
    109,
    110,
    111,
    112,
    113,
    114,
    115,
    116,
    117,
    118,
    119,
    120,
    121,
    122,
    123,
    124,
    125,
    126,
    127,
    128,
    129,
    130,
    131,
    132,
    133,
    134,
    135
  ],
  "train_losses": [
    1.0402049576794659,
    0.8546836696289204,
    0.7245694244349444,
    0.6757030343567884,
    0.5691434178087447,
    0.5604185848324387,
    0.44155870929912283,
    0.45716451825918974,
    0.44308856240025274,
    0.369026110680015,
    0.3913189387983746,
    0.335491923822297,
    0.28717707263098824,
    0.3546598007281621,
    0.2612937167286873,
    0.24766616799213267,
    0.2364059474181246,
    0.21571903703389345,
    0.18880982027837523,
    0.17110326872379691,
    0.18517629208940048,
    0.16292154002520773,
    0.23011061852728878,
    0.13584570117570735,
    0.129684967023355,
    0.1355228319902111,
    0.13988480599666084,
    0.14805266295594197,
    0.10291404263288886,
    0.07180972404226109,
    0.0711831573948816,
    0.05985634387643249,
    0.04763853060150588,
    0.04681461042276135,
    0.040723631986313395,
    0.034657603681639386,
    0.02629845558355252,
    0.031049001513531915,
    0.08332294908662637,
    0.05911866808310151,
    0.039223720905957396,
    0.03896607248181546,
    0.030988074425194,
    0.026489253656041843,
    0.012885033032270494,
    0.008829931952749137,
    0.006730199136115887,
    0.006300494100691544,
    0.005810962981302981,
    0.0049468521373691385,
    0.004666939524381801,
    0.004158297657138771,
    0.0043027678125158505,
    0.0037628085809518342,
    0.003531372295347629,
    0.0031470696407335775,
    0.00303328323557421,
    0.0029379592570303766,
    0.0028927589732187764,
    0.002793609225018709,
    0.002594167625324594,
    0.0023650505442034315,
    0.002310270973895159,
    0.0021823988968713414,
    0.0020465683925000055,
    0.0020698811600191724,
    0.0020060787555175245,
    0.0018934375709957546,
    0.0018364934129985395,
    0.001774221024889913,
    0.0016741985196454658,
    0.0015892744068642733,
    0.0014953571608876464,
    0.0013982472872292554,
    0.0013887923775689193,
    0.0013779798776980628,
    0.0013433133480484011,
    0.0012702923914831546,
    0.0012013542496047361,
    0.001138556709823509,
    0.0010902414559731605,
    0.0010456182078794679,
    0.001056416994995541,
    0.0010308358986448082,
    0.000977693757266496,
    0.0009897137146995024,
    0.0009841092030034848,
    0.0008842567331157625,
    0.0008697485792692061,
    0.0008304925825170896,
    0.0008032728607455889,
    0.0007943430855111392,
    0.0007483454235760426,
    0.000727743480065665,
    0.0007147728853548566,
    0.0006792593329144573,
    0.0006785605391659947,
    0.0006489026396863024,
    0.0006290751210784678,
    0.0006147232930676115,
    0.0006087942424023317,
    0.0005881038809160667,
    0.0005694436948504989,
    0.0005641338648274541,
    0.0005333366570994258,
    0.0005265957507718769,
    0.0005026569975867729,
    0.0004905589222390619,
    0.00047845495498256277,
    0.0004773678934994947,
    0.0004755415429826826,
    0.00045537001332613054,
    0.0004352456674462667,
    0.00043596476165543274,
    0.00041037050821749425,
    0.00041316356994987774,
    0.00039347196245755723,
    0.00040318377162933486,
    0.0003805399734388899,
    0.0003687134201215856,
    0.00035802809752230705,
    0.0003605391981114668,
    0.0003471779459181966,
    0.000344877589399133,
    0.00032816425987726287,
    0.00033272215417431045,
    0.0003174871289283382,
    0.00030771645564258235,
    0.0002996727988054907,
    0.0002966164255566481,
    0.0002864354707223053
  ],
  "train_accuracies": [
    0.7154761904761905,
    0.7511904761904762,
    0.7892857142857143,
    0.794047619047619,
    0.8130952380952381,
    0.8416666666666667,
    0.861904761904762,
    0.8857142857142857,
    0.9238095238095239,
    0.8738095238095238,
    0.9,
    0.9202380952380952,
    0.9119047619047619,
    0.9047619047619048,
    0.9523809523809523,
    0.9357142857142857,
    0.905952380952381,
    0.9488095238095238,
    0.969047619047619,
    0.9583333333333334,
    0.9547619047619048,
    0.9738095238095238,
    0.9535714285714286,
    0.969047619047619,
    0.9809523809523809,
    0.9821428571428571,
    0.9392857142857143,
    0.9726190476190476,
    0.9857142857142858,
    0.9809523809523809,
    0.9892857142857143,
    0.9964285714285714,
    0.9892857142857143,
    0.9988095238095238,
    1.0,
    0.9988095238095238,
    1.0,
    0.9988095238095238,
    0.986904761904762,
    0.9892857142857143,
    1.0,
    1.0,
    0.9976190476190476,
    0.9988095238095238,
    1.0,
    1.0,
    1.0,
    1.0,
    1.0,
    1.0,
    1.0,
    1.0,
    1.0,
    1.0,
    1.0,
    1.0,
    1.0,
    1.0,
    1.0,
    1.0,
    1.0,
    1.0,
    1.0,
    1.0,
    1.0,
    1.0,
    1.0,
    1.0,
    1.0,
    1.0,
    1.0,
    1.0,
    1.0,
    1.0,
    1.0,
    1.0,
    1.0,
    1.0,
    1.0,
    1.0,
    1.0,
    1.0,
    1.0,
    1.0,
    1.0,
    1.0,
    1.0,
    1.0,
    1.0,
    1.0,
    1.0,
    1.0,
    1.0,
    1.0,
    1.0,
    1.0,
    1.0,
    1.0,
    1.0,
    1.0,
    1.0,
    1.0,
    1.0,
    1.0,
    1.0,
    1.0,
    1.0,
    1.0,
    1.0,
    1.0,
    1.0,
    1.0,
    1.0,
    1.0,
    1.0,
    1.0,
    1.0,
    1.0,
    1.0,
    1.0,
    1.0,
    1.0,
    1.0,
    1.0,
    1.0,
    1.0,
    1.0,
    1.0,
    1.0,
    1.0,
    1.0
  ],