{
  "model_name": "gru",
  "overall_metrics": {
    "accuracy": 0.9106145251396648,
    "balanced_accuracy": 0.9222483205258324,
    "macro_f1": 0.9214991364437917,
    "micro_f1": 0.9106145251396648,
    "weighted_f1": 0.9117991369465359,
    "macro_precision": 0.9287843469661652,
    "macro_recall": 0.9222483205258324,
    "top_2_accuracy": 0.9776536312849162,
    "top_3_accuracy": 0.9832402234636871,
    "avg_inference_time": 0.0763254165649414,
    "std_inference_time": 0.0,
    "total_samples": 179,
    "model_parameters": 448011,
    "model_type": "gru",
    "sequence_length": 16
  },
  "per_class_metrics": {
    "0": {
      "precision": 0.9333333333333333,
      "recall": 1.0,
      "f1-score": 0.9655172413793104,
      "support": 14.0
    },
    "1": {
      "precision": 0.9090909090909091,
      "recall": 0.8333333333333334,
      "f1-score": 0.8695652173913043,
      "support": 24.0
    },
    "2": {
      "precision": 0.8888888888888888,
      "recall": 0.8421052631578947,
      "f1-score": 0.8648648648648649,
      "support": 19.0
    },
    "3": {
      "precision": 1.0,
      "recall": 0.8181818181818182,
      "f1-score": 0.9,
      "support": 11.0
    },
    "4": {
      "precision": 1.0,
      "recall": 0.9166666666666666,
      "f1-score": 0.9565217391304348,
      "support": 12.0
    },
    "5": {
      "precision": 1.0,
      "recall": 1.0,
      "f1-score": 1.0,
      "support": 22.0
    },
    "6": {
      "precision": 0.9545454545454546,
      "recall": 0.84,
      "f1-score": 0.8936170212765957,
      "support": 25.0
    },
    "7": {
      "precision": 1.0,
      "recall": 0.9444444444444444,
      "f1-score": 0.9714285714285714,
      "support": 18.0
    },
    "8": {
      "precision": 0.8,
      "recall": 1.0,
      "f1-score": 0.8888888888888888,
      "support": 12.0
    },
    "9": {
      "precision": 0.7307692307692307,
      "recall": 0.95,
      "f1-score": 0.8260869565217391,
      "support": 20.0
    },
    "10": {
      "precision": 1.0,
      "recall": 1.0,
      "f1-score": 1.0,
      "support": 2.0
    },
    "accuracy": 0.9106145251396648,
    "macro avg": {
      "precision": 0.9287843469661652,
      "recall": 0.9222483205258324,
      "f1-score": 0.9214991364437917,
      "support": 179.0
    },
    "weighted avg": {
      "precision": 0.9209651304623371,
      "recall": 0.9106145251396648,
      "f1-score": 0.9117991369465359,
      "support": 179.0
    }
  }
}