{
  "model_name": "large",
  "overall_metrics": {
    "accuracy": 0.9182259182259183,
    "balanced_accuracy": 0.902166569192574,
    "macro_f1": 0.9068046726408963,
    "micro_f1": 0.9182259182259183,
    "weighted_f1": 0.9178680431719736,
    "macro_precision": 0.9136861049456666,
    "macro_recall": 0.902166569192574,
    "top_2_accuracy": 0.9743589743589743,
    "top_3_accuracy": 0.9854469854469855,
    "avg_inference_time": 0.0016502141952514648,
    "std_inference_time": 0.0019784432096477257,
    "total_samples": 1443,
    "model_parameters": 50699,
    "model_type": "large"
  },
  "per_class_metrics": {
    "0": {
      "precision": 0.9,
      "recall": 0.9557522123893806,
      "f1-score": 0.927038626609442,
      "support": 113.0
    },
    "1": {
      "precision": 0.8926174496644296,
      "recall": 0.8471337579617835,
      "f1-score": 0.869281045751634,
      "support": 157.0
    },
    "2": {
      "precision": 0.9411764705882353,
      "recall": 0.9171974522292994,
      "f1-score": 0.9290322580645162,
      "support": 157.0
    },
    "3": {
      "precision": 0.8584070796460177,
      "recall": 0.9065420560747663,
      "f1-score": 0.8818181818181818,
      "support": 107.0
    },
    "4": {
      "precision": 0.90625,
      "recall": 0.8345323741007195,
      "f1-score": 0.8689138576779026,
      "support": 139.0
    },
    "5": {
      "precision": 0.96875,
      "recall": 0.9872611464968153,
      "f1-score": 0.9779179810725552,
      "support": 157.0
    },
    "6": {
      "precision": 0.9150326797385621,
      "recall": 0.9090909090909091,
      "f1-score": 0.9120521172638436,
      "support": 154.0
    },
    "7": {
      "precision": 0.972972972972973,
      "recall": 0.9795918367346939,
      "f1-score": 0.976271186440678,
      "support": 147.0
    },
    "8": {
      "precision": 0.9612903225806452,
      "recall": 0.9802631578947368,
      "f1-score": 0.9706840390879479,
      "support": 152.0
    },
    "9": {
      "precision": 0.8451612903225807,
      "recall": 0.8791946308724832,
      "f1-score": 0.8618421052631579,
      "support": 149.0
    },
    "10": {
      "precision": 0.8888888888888888,
      "recall": 0.7272727272727273,
      "f1-score": 0.8,
      "support": 11.0
    },
    "accuracy": 0.9182259182259183,
    "macro avg": {
      "precision": 0.9136861049456666,
      "recall": 0.902166569192574,
      "f1-score": 0.9068046726408963,
      "support": 1443.0
    },
    "weighted avg": {
      "precision": 0.9184218307530548,
      "recall": 0.9182259182259183,
      "f1-score": 0.9178680431719736,
      "support": 1443.0
    }
  }
}