{
  "model_name": "lstm",
  "overall_metrics": {
    "accuracy": 0.9273743016759777,
    "balanced_accuracy": 0.940986177565125,
    "macro_f1": 0.93555977819953,
    "micro_f1": 0.9273743016759777,
    "weighted_f1": 0.9270012497633165,
    "macro_precision": 0.9319357543041753,
    "macro_recall": 0.940986177565125,
    "top_2_accuracy": 0.9776536312849162,
    "top_3_accuracy": 0.9776536312849162,
    "avg_inference_time": 0.05207228660583496,
    "std_inference_time": 0.0,
    "total_samples": 179,
    "model_parameters": 596235,
    "model_type": "lstm"
  },
  "per_class_metrics": {
    "0": {
      "precision": 0.875,
      "recall": 1.0,
      "f1-score": 0.9333333333333333,
      "support": 14.0
    },
    "1": {
      "precision": 0.875,
      "recall": 0.875,
      "f1-score": 0.875,
      "support": 24.0
    },
    "2": {
      "precision": 0.9444444444444444,
      "recall": 0.8947368421052632,
      "f1-score": 0.918918918918919,
      "support": 19.0
    },
    "3": {
      "precision": 0.9166666666666666,
      "recall": 1.0,
      "f1-score": 0.9565217391304348,
      "support": 11.0
    },
    "4": {
      "precision": 0.9166666666666666,
      "recall": 0.9166666666666666,
      "f1-score": 0.9166666666666666,
      "support": 12.0
    },
    "5": {
      "precision": 1.0,
      "recall": 1.0,
      "f1-score": 1.0,
      "support": 22.0
    },
    "6": {
      "precision": 0.9583333333333334,
      "recall": 0.92,
      "f1-score": 0.9387755102040817,
      "support": 25.0
    },
    "7": {
      "precision": 1.0,
      "recall": 0.9444444444444444,
      "f1-score": 0.9714285714285714,
      "support": 18.0
    },
    "8": {
      "precision": 0.9230769230769231,
      "recall": 1.0,
      "f1-score": 0.96,
      "support": 12.0
    },
    "9": {
      "precision": 0.8421052631578947,
      "recall": 0.8,
      "f1-score": 0.8205128205128205,
      "support": 20.0
    },
    "10": {
      "precision": 1.0,
      "recall": 1.0,
      "f1-score": 1.0,
      "support": 2.0
    },
    "accuracy": 0.9273743016759777,
    "macro avg": {
      "precision": 0.9319357543041753,
      "recall": 0.940986177565125,
      "f1-score": 0.93555977819953,
      "support": 179.0
    },
    "weighted avg": {
      "precision": 0.9282410025206261,
      "recall": 0.9273743016759777,
      "f1-score": 0.9270012497633165,
      "support": 179.0
    }
  }
}