{
  "model_name": "small",
  "overall_metrics": {
    "accuracy": 0.8821898821898821,
    "balanced_accuracy": 0.8212478420807333,
    "macro_f1": 0.8287263947615543,
    "micro_f1": 0.8821898821898821,
    "weighted_f1": 0.8809099255645358,
    "macro_precision": 0.8647715394577502,
    "macro_recall": 0.8212478420807333,
    "top_2_accuracy": 0.9618849618849619,
    "top_3_accuracy": 0.9840609840609841,
    "avg_inference_time": 0.0010188817977905273,
    "std_inference_time": 0.001867330606431816,
    "total_samples": 1443,
    "model_parameters": 17163,
    "model_type": "small"
  },
  "per_class_metrics": {
    "0": {
      "precision": 0.7716535433070866,
      "recall": 0.8672566371681416,
      "f1-score": 0.8166666666666667,
      "support": 113.0
    },
    "1": {
      "precision": 0.8913043478260869,
      "recall": 0.7834394904458599,
      "f1-score": 0.8338983050847457,
      "support": 157.0
    },
    "2": {
      "precision": 0.94,
      "recall": 0.8980891719745223,
      "f1-score": 0.9185667752442996,
      "support": 157.0
    },
    "3": {
      "precision": 0.9285714285714286,
      "recall": 0.8504672897196262,
      "f1-score": 0.8878048780487805,
      "support": 107.0
    },
    "4": {
      "precision": 0.848,
      "recall": 0.762589928057554,
      "f1-score": 0.803030303030303,
      "support": 139.0
    },
    "5": {
      "precision": 0.9622641509433962,
      "recall": 0.9745222929936306,
      "f1-score": 0.9683544303797469,
      "support": 157.0
    },
    "6": {
      "precision": 0.8616352201257862,
      "recall": 0.8896103896103896,
      "f1-score": 0.8753993610223643,
      "support": 154.0
    },
    "7": {
      "precision": 0.9794520547945206,
      "recall": 0.9727891156462585,
      "f1-score": 0.9761092150170648,
      "support": 147.0
    },
    "8": {
      "precision": 0.9240506329113924,
      "recall": 0.9605263157894737,
      "f1-score": 0.9419354838709677,
      "support": 152.0
    },
    "9": {
      "precision": 0.7388888888888889,
      "recall": 0.8926174496644296,
      "f1-score": 0.8085106382978723,
      "support": 149.0
    },
    "10": {
      "precision": 0.6666666666666666,
      "recall": 0.18181818181818182,
      "f1-score": 0.2857142857142857,
      "support": 11.0
    },
    "accuracy": 0.8821898821898821,
    "macro avg": {
      "precision": 0.8647715394577502,
      "recall": 0.8212478420807333,
      "f1-score": 0.8287263947615543,
      "support": 1443.0
    },
    "weighted avg": {
      "precision": 0.8853575866196309,
      "recall": 0.8821898821898821,
      "f1-score": 0.8809099255645358,
      "support": 1443.0
    }
  }
}