{
  "model_name": "tcn",
  "overall_metrics": {
    "accuracy": 0.88268156424581,
    "balanced_accuracy": 0.8913508633843562,
    "macro_f1": 0.8957864782745165,
    "micro_f1": 0.88268156424581,
    "weighted_f1": 0.8829091950879661,
    "macro_precision": 0.9032369797385278,
    "macro_recall": 0.8913508633843562,
    "top_2_accuracy": 0.9385474860335196,
    "top_3_accuracy": 0.9664804469273743,
    "avg_inference_time": 0.01446533203125,
    "std_inference_time": 0.0,
    "total_samples": 179,
    "model_parameters": 62731,
    "model_type": "tcn",
    "sequence_length": 16
  },
  "per_class_metrics": {
    "0": {
      "precision": 0.8571428571428571,
      "recall": 0.8571428571428571,
      "f1-score": 0.8571428571428571,
      "support": 14.0
    },
    "1": {
      "precision": 0.75,
      "recall": 0.875,
      "f1-score": 0.8076923076923077,
      "support": 24.0
    },
    "2": {
      "precision": 0.8947368421052632,
      "recall": 0.8947368421052632,
      "f1-score": 0.8947368421052632,
      "support": 19.0
    },
    "3": {
      "precision": 1.0,
      "recall": 0.9090909090909091,
      "f1-score": 0.9523809523809523,
      "support": 11.0
    },
    "4": {
      "precision": 0.9,
      "recall": 0.75,
      "f1-score": 0.8181818181818182,
      "support": 12.0
    },
    "5": {
      "precision": 1.0,
      "recall": 1.0,
      "f1-score": 1.0,
      "support": 22.0
    },
    "6": {
      "precision": 0.88,
      "recall": 0.88,
      "f1-score": 0.88,
      "support": 25.0
    },
    "7": {
      "precision": 0.9411764705882353,
      "recall": 0.8888888888888888,
      "f1-score": 0.9142857142857143,
      "support": 18.0
    },
    "8": {
      "precision": 0.9230769230769231,
      "recall": 1.0,
      "f1-score": 0.96,
      "support": 12.0
    },
    "9": {
      "precision": 0.7894736842105263,
      "recall": 0.75,
      "f1-score": 0.7692307692307693,
      "support": 20.0
    },
    "10": {
      "precision": 1.0,
      "recall": 1.0,
      "f1-score": 1.0,
      "support": 2.0
    },
    "accuracy": 0.88268156424581,
    "macro avg": {
      "precision": 0.9032369797385278,
      "recall": 0.8913508633843562,
      "f1-score": 0.8957864782745165,
      "support": 179.0
    },
    "weighted avg": {
      "precision": 0.8860758281101778,
      "recall": 0.88268156424581,
      "f1-score": 0.8829091950879661,
      "support": 179.0
    }
  }
}