{
  "model_name": "transformer",
  "overall_metrics": {
    "accuracy": 0.8770949720670391,
    "balanced_accuracy": 0.8002474851039445,
    "macro_f1": 0.7938777848496518,
    "micro_f1": 0.8770949720670391,
    "weighted_f1": 0.871244322949591,
    "macro_precision": 0.7906076379760592,
    "macro_recall": 0.8002474851039445,
    "top_2_accuracy": 0.9720670391061452,
    "top_3_accuracy": 0.9832402234636871,
    "avg_inference_time": 0.03889060020446777,
    "std_inference_time": 0.0,
    "total_samples": 179,
    "model_parameters": 802955,
    "model_type": "transformer"
  },
  "per_class_metrics": {
    "0": {
      "precision": 0.8571428571428571,
      "recall": 0.8571428571428571,
      "f1-score": 0.8571428571428571,
      "support": 14.0
    },
    "1": {
      "precision": 0.8846153846153846,
      "recall": 0.9583333333333334,
      "f1-score": 0.92,
      "support": 24.0
    },
    "2": {
      "precision": 0.9333333333333333,
      "recall": 0.7368421052631579,
      "f1-score": 0.8235294117647058,
      "support": 19.0
    },
    "3": {
      "precision": 0.75,
      "recall": 0.8181818181818182,
      "f1-score": 0.782608695652174,
      "support": 11.0
    },
    "4": {
      "precision": 0.8333333333333334,
      "recall": 0.8333333333333334,
      "f1-score": 0.8333333333333334,
      "support": 12.0
    },
    "5": {
      "precision": 1.0,
      "recall": 1.0,
      "f1-score": 1.0,
      "support": 22.0
    },
    "6": {
      "precision": 0.9230769230769231,
      "recall": 0.96,
      "f1-score": 0.9411764705882353,
      "support": 25.0
    },
    "7": {
      "precision": 0.8421052631578947,
      "recall": 0.8888888888888888,
      "f1-score": 0.8648648648648649,
      "support": 18.0
    },
    "8": {
      "precision": 0.9230769230769231,
      "recall": 1.0,
      "f1-score": 0.96,
      "support": 12.0
    },
    "9": {
      "precision": 0.75,
      "recall": 0.75,
      "f1-score": 0.75,
      "support": 20.0
    },
    "10": {
      "precision": 0.0,
      "recall": 0.0,
      "f1-score": 0.0,
      "support": 2.0
    },
    "accuracy": 0.8770949720670391,
    "macro avg": {
      "precision": 0.7906076379760592,
      "recall": 0.8002474851039445,
      "f1-score": 0.7938777848496518,
      "support": 179.0
    },
    "weighted avg": {
      "precision": 0.8688594606412895,
      "recall": 0.8770949720670391,
      "f1-score": 0.871244322949591,
      "support": 179.0
    }
  }
}